{
  "last": "",
  "backgroundType": "DEFAULT",
  "commonDirType": "DEFAULT",
  "commonpath": "C:\\Users\\Shuery\\AppData\\Roaming\\.minecraft",
  "hasProxy": false,
  "hasProxyAuth": false,
  "proxyType": "HTTP",
  "proxyPort": 0,
  "width": 0.0,
  "height": 0.0,
  "theme": "#5c6bc0",
  "localization": "def",
  "autoDownloadThreads": false,
  "downloadThreads": 64,
  "downloadType": "mojang",
  "autoChooseDownloadType": true,
  "versionListSource": "balanced",
  "configurations": {},
  "accounts": [],
  "fontFamily": "Consolas",
  "fontSize": 12.0,
  "logLines": 100,
  "titleTransparent": false,
  "authlibInjectorServers": [
    {
      "url": "https://skin.mc.letsshareall.com/api/yggdrasil/",
      "metadataResponse": "{\"meta\":{\"serverName\":\"\\u4e00\\u8d77\\u5206\\u4eab\\u76ae\\u80a4\\u7ad9\",\"implementationName\":\"Yggdrasil API for Blessing Skin\",\"implementationVersion\":\"5.1.5\",\"links\":{\"homepage\":\"https:\\/\\/skin.mc.letsshareall.com\",\"register\":\"https:\\/\\/skin.mc.letsshareall.com\\/auth\\/register\"},\"feature.non_email_login\":true},\"skinDomains\":[\"skin.mc.letsshareall.com\"],\"signaturePublickey\":\"-----BEGIN PUBLIC KEY-----\\nMIICIjANBgkqhkiG9w0BAQEFAAOCAg8AMIICCgKCAgEA8RIi2YBOG5uhfxg0OVUg\\nbjKMwmBZRvLwqNTimvtyWgMq5NmtWtRi75fJ6DT35TMzyBnBQSIyNLy3XYKDV\\/Dg\\nWVRiA+I+vTSnODJx8RqhYY5669VflnTflgKvEOpofYDFc1Tv0pHgrk87gimcS0FV\\n4\\/QUZlCzvs\\/H3tVpITZAvj2dB8Ir4Dn0rmOQolz4T0Jrm10XwGi3ijlwTf7v5N5J\\nl4WHfnnWjAl42FefTmXWpAZZSGval569h1vrSGU9tx7+Db9VR7zJ9PKkwy1o7vkA\\nuduRplCJnjGQ5fKnmyq7j6LS5vUM+YRyzZGfI7WHxJJJt6btbqJRkE+uc7ytaYt3\\neVCu8ma8p5ZbXdmNK2vdWCV78FV7rjUkdgGAS5F+lF2PE4tFAtCJ4irjhdGdpJuk\\nivsfDt1kUUkwpVEgxN4BxYwqctZaqqoD33CjmUW7mw7aheEOeskJqTBiD4GzBHvR\\nCAszssNbmkKM6Z6Eujg\\/HHV9OMODwfgoORmE5yZkCAPKTwBRYE2O8jiFa23QgICT\\nsXqx6\\/aZgrNPQDvVpr4ilpFwmEZ6hC5zud7LcXON5gWYakwXU6qVewh56vdfw7c7\\nLOYXkmu76nPryD2IMn+rN37YSnZY\\/hd4MUDgf3dF0Nk50\\/9Xm7yxJOYY3oPbubbj\\nXOx3B3L6L5mLSSQH3bm1B38CAwEAAQ\u003d\u003d\\n-----END PUBLIC KEY-----\\n\"}",
      "metadataTimestamp": 1656317919993
    }
  ],
  "_version": 0,
  "uiVersion": 0
}